2019-10-23 16:14:33,2019-10-23 16:15:47,IP Address,107.77.223.224,100,74,True,2019-10-23 16:15:48,R_abIWrKrezA7MhZD,,,,,40.694000244140625,-73.9900970458984375,anonymous,EN,7,9,"$100,000 to $149,999",0
2019-10-23 16:15:34,2019-10-23 16:16:15,IP Address,129.170.194.144,100,40,True,2019-10-23 16:16:15,R_27J8ZuLdnxy6BGB,,,,,43.704498291015625,-72.285003662109375,anonymous,EN,6,10,"$150,000+",0
2019-10-23 16:15:44,2019-10-23 16:16:23,IP Address,129.170.194.162,100,38,True,2019-10-23 16:16:23,R_2rOdbyUgJZ9Rrfk,,,,,43.704498291015625,-72.285003662109375,anonymous,EN,5,9,"$75,000 to $99,999",0
2019-10-23 16:15:33,2019-10-23 16:16:41,IP Address,174.192.16.249,100,67,True,2019-10-23 16:16:41,R_Z4XV5LtdEBT7WyB,,,,,42.365997314453125,-71.2270965576171875,anonymous,EN,4,8,"$100,000 to $149,999",0
2019-10-23 16:15:34,2019-10-23 16:16:50,IP Address,129.170.194.178,100,75,True,2019-10-23 16:16:50,R_2RPTpo27sLNTxqc,,,,,43.704498291015625,-72.285003662109375,anonymous,EN,4,5,"$100,000 to $149,999",0
2019-10-23 16:16:21,2019-10-23 16:16:57,IP Address,129.170.194.167,100,35,True,2019-10-23 16:16:57,R_2wRctz7YDjfJakK,,,,,43.704498291015625,-72.285003662109375,anonymous,EN,2,7,"$100,000 to $149,999",0
2019-10-23 16:16:08,2019-10-23 16:17:02,IP Address,129.170.194.163,100,53,True,2019-10-23 16:17:02,R_21vvjfIqmHW2p6a,,,,,43.704498291015625,-72.285003662109375,anonymous,EN,7,8,"$150,000+",0
2019-10-23 16:17:13,2019-10-23 16:18:08,IP Address,172.58.223.178,100,54,True,2019-10-23 16:18:08,R_31WpNZJb5XBfWqC,,,,,42.4279937744140625,-71.061798095703125,anonymous,EN,6,7,"$100,000 to $149,999",0
2019-10-23 16:17:46,2019-10-23 16:18:22,IP Address,129.170.194.183,100,35,True,2019-10-23 16:18:22,R_1IsmCrrvElsrncy,,,,,43.704498291015625,-72.285003662109375,anonymous,EN,5,7,"$75,000 to $99,999",0
2019-10-23 16:17:36,2019-10-23 16:18:30,IP Address,129.170.194.190,100,54,True,2019-10-23 16:18:30,R_25EZWGZFilGqSEQ,,,,,43.701904296875,-72.2826995849609375,anonymous,EN,7,10,"$75,000 to $99,999",0
2019-10-23 16:17:51,2019-10-23 16:18:44,IP Address,129.170.194.146,100,52,True,2019-10-23 16:18:44,R_voc4Io3YiGleDjb,,,,,43.704498291015625,-72.285003662109375,anonymous,EN,4,8,"$75,000 to $99,999",0
2019-10-23 16:18:25,2019-10-23 16:19:33,IP Address,129.170.194.171,100,67,True,2019-10-23 16:19:33,R_1dgY4OxfUO6IKmJ,,,,,43.704498291015625,-72.285003662109375,anonymous,EN,4,8,"$75,000 to $99,999",0
2019-10-23 16:18:54,2019-10-23 16:20:02,IP Address,129.170.194.172,100,67,True,2019-10-23 16:20:02,R_1rjqis3WPVFNqnh,,,,,43.704498291015625,-72.285003662109375,anonymous,EN,7,9,"$150,000+",0
2019-10-23 16:20:44,2019-10-23 16:21:10,IP Address,129.170.194.163,100,25,True,2019-10-23 16:21:10,R_1d6wldZNcnxM7yi,,,,,43.704498291015625,-72.285003662109375,anonymous,EN,4,6,"$100,000 to $149,999",0
2019-10-23 16:21:01,2019-10-23 16:21:26,IP Address,129.170.194.160,100,25,True,2019-10-23 16:21:27,R_1pX7mLswAqJVe4l,,,,,43.704498291015625,-72.285003662109375,anonymous,EN,4,7,"$50,000 to $74,999",0
2019-10-23 16:20:51,2019-10-23 16:21:45,IP Address,129.170.194.146,100,54,True,2019-10-23 16:21:45,R_1FRLq56SpqXKoH3,,,,,43.704498291015625,-72.285003662109375,anonymous,EN,4,7,"$75,000 to $99,999",0
2019-10-23 16:21:38,2019-10-23 16:22:23,IP Address,129.170.194.183,100,45,True,2019-10-23 16:22:24,R_12L5Ww32ev84FBN,,,,,43.704498291015625,-72.285003662109375,anonymous,EN,4,9,"$150,000+",0
2019-10-23 16:21:35,2019-10-23 16:22:35,IP Address,129.170.194.189,100,59,True,2019-10-23 16:22:35,R_8owBu39BVRJAm53,,,,,43.704498291015625,-72.285003662109375,anonymous,EN,6,9,"$150,000+",0
2019-10-23 16:21:46,2019-10-23 16:22:36,IP Address,129.170.194.183,100,50,True,2019-10-23 16:22:36,R_3F3ggahShosho4J,,,,,43.701904296875,-72.2826995849609375,anonymous,EN,6,7,"$100,000 to $149,999",0
2019-10-23 16:21:50,2019-10-23 16:22:46,IP Address,129.170.194.186,100,56,True,2019-10-23 16:22:46,R_3oObGLBe2su4f3C,,,,,43.704498291015625,-72.285003662109375,anonymous,EN,3,7,"$100,000 to $149,999",0
2019-10-23 16:22:18,2019-10-23 16:22:49,IP Address,129.170.194.146,100,31,True,2019-10-23 16:22:50,R_2Xmnhq67mzUhJB5,,,,,43.701904296875,-72.2826995849609375,anonymous,EN,3,8,"$50,000 to $74,999",0
2019-10-23 16:22:25,2019-10-23 16:23:05,IP Address,174.192.3.250,100,39,True,2019-10-23 16:23:05,R_1im93gDlwavudbp,,,,,42.3473968505859375,-71.158203125,anonymous,EN,7,10,"$150,000+",0
2019-10-23 16:22:09,2019-10-23 16:23:11,IP Address,129.170.194.161,100,61,True,2019-10-23 16:23:11,R_3Gf6Nr4QEYUJB3f,,,,,43.704498291015625,-72.285003662109375,anonymous,EN,7,8,"$25,000 to $49,999",0
2019-10-23 16:22:31,2019-10-23 16:23:18,IP Address,129.170.194.172,100,47,True,2019-10-23 16:23:19,R_3j8o1dcZThmqjAw,,,,,43.704498291015625,-72.285003662109375,anonymous,EN,6,8,"$150,000+",0
2019-10-23 16:21:52,2019-10-23 16:23:23,IP Address,129.170.194.146,100,91,True,2019-10-23 16:23:23,R_xaOJO0uBNsGC5HP,,,,,43.704498291015625,-72.285003662109375,anonymous,EN,1,7,"$50,000 to $74,999",1
2019-10-23 16:22:53,2019-10-23 16:23:59,IP Address,129.170.194.165,100,66,True,2019-10-23 16:24:00,R_0IJ21GAdzRpqwal,,,,,43.701904296875,-72.2826995849609375,anonymous,EN,6,8,"$100,000 to $149,999",0
2019-10-23 16:23:23,2019-10-23 16:24:39,IP Address,129.170.194.144,100,76,True,2019-10-23 16:24:39,R_3qIDk1fN8rSaE0J,,,,,43.704498291015625,-72.285003662109375,anonymous,EN,7,10,"$75,000 to $99,999",0
2019-10-23 16:24:16,2019-10-23 16:24:59,IP Address,129.170.194.188,100,42,True,2019-10-23 16:24:59,R_1f7ddVyRsIN6idP,,,,,43.704498291015625,-72.285003662109375,anonymous,EN,4,7,"$50,000 to $74,999",0
2019-10-23 16:24:51,2019-10-23 16:25:33,IP Address,129.170.194.177,100,42,True,2019-10-23 16:25:34,R_2RRqJxHDvVmSauA,,,,,43.704498291015625,-72.285003662109375,anonymous,EN,7,10,"$100,000 to $149,999",0
2019-10-23 16:25:37,2019-10-23 16:26:11,IP Address,129.170.194.216,100,33,True,2019-10-23 16:26:11,R_3Goy781wzbtHaIz,,,,,43.704498291015625,-72.285003662109375,anonymous,EN,6,8,"$150,000+",0
2019-10-23 16:25:42,2019-10-23 16:26:40,IP Address,166.182.249.255,100,57,True,2019-10-23 16:26:40,R_1IlOgI7FrlNiRA7,,,,,43.183197021484375,-88.98380279541015625,anonymous,EN,5,9,"$150,000+",0
2019-10-23 16:25:58,2019-10-23 16:26:45,IP Address,73.47.190.9,100,47,True,2019-10-23 16:26:45,R_bedmwoGnDLPiaxX,,,,,43.704498291015625,-72.285003662109375,anonymous,EN,3,8,"$100,000 to $149,999",0
2019-10-23 16:27:13,2019-10-23 16:27:42,IP Address,129.170.194.144,100,29,True,2019-10-23 16:27:43,R_23dxxOU7nmqz2Mr,,,,,43.704498291015625,-72.285003662109375,anonymous,EN,5,7,"$75,000 to $99,999",0
2019-10-23 16:27:10,2019-10-23 16:27:53,IP Address,129.170.194.164,100,42,True,2019-10-23 16:27:54,R_3NQWHvOFxQ5cuwG,,,,,43.704498291015625,-72.285003662109375,anonymous,EN,6,7,"$75,000 to $99,999",0
2019-10-23 16:27:57,2019-10-23 16:28:18,IP Address,129.170.194.222,100,21,True,2019-10-23 16:28:19,R_3qahB57w1hOFIhT,,,,,43.704498291015625,-72.285003662109375,anonymous,EN,5,5,"$100,000 to $149,999",0
2019-10-23 16:27:37,2019-10-23 16:28:25,IP Address,129.170.194.145,100,48,True,2019-10-23 16:28:25,R_1nVdoEiHXN3RdKu,,,,,43.704498291015625,-72.285003662109375,anonymous,EN,2,8,"$50,000 to $74,999",0
2019-10-23 16:28:45,2019-10-23 16:29:34,IP Address,129.170.194.187,100,48,True,2019-10-23 16:29:34,R_1oqmGS3Ef25jz3A,,,,,43.704498291015625,-72.285003662109375,anonymous,EN,6,8,"$100,000 to $149,999",0
2019-10-23 16:30:25,2019-10-23 16:31:01,IP Address,129.170.194.178,100,35,True,2019-10-23 16:31:01,R_3O1tJWepe06W3IZ,,,,,43.704498291015625,-72.285003662109375,anonymous,EN,7,10,"$50,000 to $74,999",0
2019-10-23 16:31:18,2019-10-23 16:31:57,IP Address,97.35.2.8,100,39,True,2019-10-23 16:31:57,R_237DLjqmKdVFzfH,,,,,41.5381927490234375,-72.8007965087890625,anonymous,EN,5,8,"$50,000 to $74,999",0
2019-10-23 16:31:27,2019-10-23 16:32:07,IP Address,107.77.224.55,100,39,True,2019-10-23 16:32:08,R_122X4hnC6cH03Qk,,,,,40.76519775390625,-73.95880126953125,anonymous,EN,6,7,"$150,000+",0
2019-10-23 16:25:01,2019-10-23 16:33:11,IP Address,174.192.17.5,100,490,True,2019-10-23 16:33:12,R_3n2uvdYeN6bFX7k,,,,,42.29449462890625,-71.29920196533203125,anonymous,EN,7,7,"$100,000 to $149,999",0
2019-10-23 16:33:17,2019-10-23 16:34:16,IP Address,129.170.194.144,100,58,True,2019-10-23 16:34:16,R_xFPaLEILWdeG7m1,,,,,43.704498291015625,-72.285003662109375,anonymous,EN,3,7,"$50,000 to $74,999",0
2019-10-23 16:33:45,2019-10-23 16:34:22,IP Address,129.170.194.163,100,37,True,2019-10-23 16:34:22,R_1ewPN1KxbLT20M0,,,,,43.701904296875,-72.2826995849609375,anonymous,EN,6,8,"$100,000 to $149,999",0
2019-10-23 16:33:22,2019-10-23 16:34:47,IP Address,129.170.194.165,100,85,True,2019-10-23 16:34:48,R_1mFtfkizfsUC5m9,,,,,43.704498291015625,-72.285003662109375,anonymous,EN,6,8,"$75,000 to $99,999",0
2019-10-23 16:34:30,2019-10-23 16:35:29,IP Address,129.170.194.180,100,58,True,2019-10-23 16:35:29,R_31XU1djC89tt8WG,,,,,43.704498291015625,-72.285003662109375,anonymous,EN,6,10,"$100,000 to $149,999",0
2019-10-23 16:34:51,2019-10-23 16:35:30,IP Address,129.170.194.187,100,38,True,2019-10-23 16:35:30,R_3EcGVPhcurNYy9E,,,,,43.704498291015625,-72.285003662109375,anonymous,EN,6,8,"$50,000 to $74,999",0
2019-10-23 16:35:42,2019-10-23 16:36:18,IP Address,129.170.194.172,100,36,True,2019-10-23 16:36:18,R_1hAXCWh2ElMRRnx,,,,,43.704498291015625,-72.285003662109375,anonymous,EN,6,8,"$75,000 to $99,999",0
2019-10-23 16:35:56,2019-10-23 16:36:42,IP Address,129.170.194.174,100,46,True,2019-10-23 16:36:43,R_1LwlsO0LT43gbnG,,,,,43.704498291015625,-72.285003662109375,anonymous,EN,4,9,"$100,000 to $149,999",0
2019-10-23 16:38:45,2019-10-23 16:39:21,IP Address,129.170.194.166,100,35,True,2019-10-23 16:39:21,R_2CrcKCIvs6HlIww,,,,,43.704498291015625,-72.285003662109375,anonymous,EN,7,8,"$75,000 to $99,999",0
2019-10-23 16:37:31,2019-10-23 16:39:21,IP Address,129.170.194.173,100,110,True,2019-10-23 16:39:21,R_31ozWMYhnoIl5H6,,,,,43.704498291015625,-72.285003662109375,anonymous,EN,5,6,"$100,000 to $149,999",0
2019-10-23 16:40:23,2019-10-23 16:41:14,IP Address,129.170.194.170,100,51,True,2019-10-23 16:41:15,R_1qfxTyGAke2mLSi,,,,,43.704498291015625,-72.285003662109375,anonymous,EN,5,6,"$50,000 to $74,999",0
2019-10-23 16:40:21,2019-10-23 16:41:28,IP Address,129.170.194.207,100,66,True,2019-10-23 16:41:28,R_1GvP2BGChqBjiyR,,,,,43.701904296875,-72.2826995849609375,anonymous,EN,7,10,"$100,000 to $149,999",0
2019-10-23 16:36:16,2019-10-23 16:42:06,IP Address,129.170.194.183,100,349,True,2019-10-23 16:42:06,R_YabtCGtdA9ekaQ1,,,,,43.704498291015625,-72.285003662109375,anonymous,EN,7,10,"$150,000+",0
2019-10-23 16:40:41,2019-10-23 16:42:07,IP Address,64.223.65.139,100,85,True,2019-10-23 16:42:07,R_1inbo0KTywshkex,,,,,43.704498291015625,-72.285003662109375,anonymous,EN,6,9,"$150,000+",0
2019-10-23 16:42:00,2019-10-23 16:42:37,IP Address,129.170.194.144,100,36,True,2019-10-23 16:42:37,R_PB2R9I1NAs5azwl,,,,,43.704498291015625,-72.285003662109375,anonymous,EN,6,7,"$75,000 to $99,999",0
2019-10-23 16:43:20,2019-10-23 16:43:59,IP Address,129.170.194.182,100,38,True,2019-10-23 16:43:59,R_1d6sOZfgdMOE2H8,,,,,43.704498291015625,-72.285003662109375,anonymous,EN,5,8,"$75,000 to $99,999",0
2019-10-23 16:43:20,2019-10-23 16:44:06,IP Address,129.170.194.164,100,46,True,2019-10-23 16:44:06,R_z2pf7D9KlK7kiMF,,,,,43.704498291015625,-72.285003662109375,anonymous,EN,6,7,"$50,000 to $74,999",0
2019-10-23 16:44:17,2019-10-23 16:45:09,IP Address,129.170.194.162,100,51,True,2019-10-23 16:45:09,R_2BaDS5AnPGP82xU,,,,,43.704498291015625,-72.285003662109375,anonymous,EN,4,6,"$75,000 to $99,999",0
2019-10-23 16:46:02,2019-10-23 16:46:52,IP Address,129.170.194.173,100,50,True,2019-10-23 16:46:52,R_2CKdu8CaxYfk2P7,,,,,43.704498291015625,-72.285003662109375,anonymous,EN,5,8,"$100,000 to $149,999",0
2019-10-23 16:45:24,2019-10-23 16:47:09,IP Address,129.170.194.176,100,105,True,2019-10-23 16:47:10,R_2f9vwKCIMXmJvNb,,,,,43.704498291015625,-72.285003662109375,anonymous,EN,2,9,"$150,000+",0
2019-10-23 16:46:24,2019-10-23 16:47:31,IP Address,129.170.194.171,100,66,True,2019-10-23 16:47:31,R_2z5PoOWfj4d1YDQ,,,,,43.704498291015625,-72.285003662109375,anonymous,EN,6,7,"$100,000 to $149,999",0
2019-10-23 16:47:26,2019-10-23 16:48:13,IP Address,129.170.194.170,100,47,True,2019-10-23 16:48:13,R_279IdIuiLd2hVHg,,,,,43.704498291015625,-72.285003662109375,anonymous,EN,6,10,"$150,000+",0
2019-10-23 16:48:49,2019-10-23 16:49:11,IP Address,64.9.251.160,100,21,True,2019-10-23 16:49:12,R_0jLrvhFWSMrYcwx,,,,,40.781005859375,-73.950103759765625,anonymous,EN,6,8,"$150,000+",0
2019-10-23 16:48:19,2019-10-23 16:49:24,IP Address,129.170.194.145,100,65,True,2019-10-23 16:49:24,R_10w4t13xOtL3vR8,,,,,43.701904296875,-72.2826995849609375,anonymous,EN,5,6,"$100,000 to $149,999",0
2019-10-23 16:51:16,2019-10-23 16:51:52,IP Address,129.170.194.164,100,35,True,2019-10-23 16:51:52,R_3pr3bvlL1lAJbaa,,,,,43.704498291015625,-72.285003662109375,anonymous,EN,7,8,"$100,000 to $149,999",0
2019-10-23 16:52:13,2019-10-23 16:52:50,IP Address,129.170.194.177,100,37,True,2019-10-23 16:52:50,R_3kaE1g2ld2oiHpl,,,,,43.704498291015625,-72.285003662109375,anonymous,EN,4,6,"$100,000 to $149,999",0
2019-10-23 16:52:29,2019-10-23 16:53:09,IP Address,174.192.16.188,100,40,True,2019-10-23 16:53:10,R_2xUUHE4txKenuR3,,,,,42.3737030029296875,-71.1284027099609375,anonymous,EN,5,7,"$100,000 to $149,999",0
2019-10-23 16:54:05,2019-10-23 16:55:00,IP Address,129.170.194.213,100,54,True,2019-10-23 16:55:00,R_3I4f9gobKZrxMoz,,,,,43.701904296875,-72.2826995849609375,anonymous,EN,5,7,"$150,000+",0
2019-10-23 16:55:45,2019-10-23 16:56:19,IP Address,129.170.194.146,100,34,True,2019-10-23 16:56:20,R_3rZkEbU9tXUFAXf,,,,,43.704498291015625,-72.285003662109375,anonymous,EN,6,8,"$100,000 to $149,999",0
2019-10-23 16:55:55,2019-10-23 16:56:27,IP Address,129.170.194.144,100,32,True,2019-10-23 16:56:27,R_2QGTrTXB625pTOV,,,,,43.704498291015625,-72.285003662109375,anonymous,EN,7,9,"$100,000 to $149,999",0
2019-10-23 16:55:48,2019-10-23 16:57:30,IP Address,129.170.194.167,100,102,True,2019-10-23 16:57:30,R_2xMmSKjYKW4T8is,,,,,43.701904296875,-72.2826995849609375,anonymous,EN,6,8,"$75,000 to $99,999",0
2019-10-23 16:57:09,2019-10-23 16:58:14,IP Address,129.170.194.145,100,64,True,2019-10-23 16:58:14,R_1mfIhH3qlc2Eh8x,,,,,43.704498291015625,-72.285003662109375,anonymous,EN,3,7,"$75,000 to $99,999",0
2019-10-23 16:56:58,2019-10-23 16:58:19,IP Address,174.192.16.143,100,81,True,2019-10-23 16:58:19,R_8kLQHUMM2p8CmOZ,,,,,42.365997314453125,-71.2270965576171875,anonymous,EN,4,8,"$100,000 to $149,999",0
2019-10-23 16:58:21,2019-10-23 16:58:51,IP Address,129.170.194.178,100,29,True,2019-10-23 16:58:51,R_8oAUrbcnc6Qxcdj,,,,,43.704498291015625,-72.285003662109375,anonymous,EN,6,8,"$100,000 to $149,999",0
2019-10-23 16:58:51,2019-10-23 17:00:00,IP Address,129.170.131.247,100,69,True,2019-10-23 17:00:00,R_1pnk3MiyRYuMRlc,,,,,43.704498291015625,-72.285003662109375,anonymous,EN,5,7,"$100,000 to $149,999",0
2019-10-23 17:00:42,2019-10-23 17:01:54,IP Address,129.170.194.162,100,71,True,2019-10-23 17:01:54,R_Rb3liNg4FmwS3ap,,,,,43.704498291015625,-72.285003662109375,anonymous,EN,6,9,"$100,000 to $149,999",0
2019-10-23 17:04:58,2019-10-23 17:05:41,IP Address,172.58.223.170,100,43,True,2019-10-23 17:05:42,R_1FScHmecWVuPTfx,,,,,41.82330322265625,-71.44100189208984375,anonymous,EN,4,7,"$150,000+",0
2019-10-23 17:05:06,2019-10-23 17:05:56,IP Address,129.170.194.175,100,50,True,2019-10-23 17:05:57,R_r9FsShY47iQIljj,,,,,43.704498291015625,-72.285003662109375,anonymous,EN,7,9,"$150,000+",0
2019-10-23 16:24:56,2019-10-23 17:06:35,IP Address,129.170.194.191,100,2498,True,2019-10-23 17:06:35,R_vI8yDmF0rS1F8ad,,,,,43.704498291015625,-72.285003662109375,anonymous,EN,5,7,"$150,000+",0
2019-10-23 17:06:40,2019-10-23 17:07:26,IP Address,129.170.194.171,100,45,True,2019-10-23 17:07:26,R_1j84TaegqRYqspi,,,,,43.704498291015625,-72.285003662109375,anonymous,EN,5,8,"$100,000 to $149,999",0
2019-10-23 17:04:41,2019-10-23 17:07:45,IP Address,129.170.194.186,100,184,True,2019-10-23 17:07:46,R_phKVKHKrmUviFTb,,,,,43.704498291015625,-72.285003662109375,anonymous,EN,5,8,"$75,000 to $99,999",0
2019-10-23 17:07:43,2019-10-23 17:08:20,IP Address,173.66.126.21,100,37,True,2019-10-23 17:08:21,R_2fBc5M7OByPQ2Ix,,,,,39.082794189453125,-77.16739654541015625,anonymous,EN,6,8,"$100,000 to $149,999",0
2019-10-23 17:11:44,2019-10-23 17:12:19,IP Address,129.170.194.185,100,35,True,2019-10-23 17:12:19,R_2uCi6n3UtriLCda,,,,,43.704498291015625,-72.285003662109375,anonymous,EN,7,7,"$75,000 to $99,999",0
2019-10-23 17:16:30,2019-10-23 17:17:47,IP Address,129.170.194.146,100,77,True,2019-10-23 17:17:48,R_6LINcw1doEM9JyV,,,,,43.704498291015625,-72.285003662109375,anonymous,EN,5,10,"$100,000 to $149,999",0
2019-10-23 17:17:22,2019-10-23 17:17:53,IP Address,129.170.194.160,100,30,True,2019-10-23 17:17:53,R_1CvA1f2iGEPamEp,,,,,43.704498291015625,-72.285003662109375,anonymous,EN,6,8,"$150,000+",0
2019-10-23 17:07:41,2019-10-23 17:18:01,IP Address,129.170.194.215,100,620,True,2019-10-23 17:18:01,R_2VgaXPIsdLdAUOq,,,,,43.704498291015625,-72.285003662109375,anonymous,EN,5,7,"$150,000+",0
2019-10-23 17:17:28,2019-10-23 17:18:16,IP Address,129.170.194.181,100,48,True,2019-10-23 17:18:17,R_78r35wAJyAORFw5,,,,,43.704498291015625,-72.285003662109375,anonymous,EN,7,10,"$150,000+",0
2019-10-23 17:19:26,2019-10-23 17:20:06,IP Address,68.235.105.200,100,40,True,2019-10-23 17:20:06,R_DN9V8Z4prwfvHHj,,,,,47.5735931396484375,-94.7895965576171875,anonymous,EN,3,7,"$150,000+",0
2019-10-23 17:20:55,2019-10-23 17:21:27,IP Address,73.142.112.163,100,31,True,2019-10-23 17:21:28,R_2e5pgChzxSHHAXl,,,,,43.6446990966796875,-72.2427978515625,anonymous,EN,7,8,"$100,000 to $149,999",0
2019-10-23 17:27:50,2019-10-23 17:28:34,IP Address,129.170.194.147,100,44,True,2019-10-23 17:28:34,R_8qpiSrtZlBUwI4p,,,,,43.704498291015625,-72.285003662109375,anonymous,EN,6,8,"$150,000+",0
2019-10-23 17:27:19,2019-10-23 17:28:56,IP Address,129.170.194.179,100,96,True,2019-10-23 17:28:56,R_4ScwVVySUnn3IpH,,,,,43.701904296875,-72.2826995849609375,anonymous,EN,5,5,"$100,000 to $149,999",0
2019-10-23 17:29:47,2019-10-23 17:30:49,IP Address,129.170.194.144,100,62,True,2019-10-23 17:30:50,R_3dEBE97B7KlswIe,,,,,43.704498291015625,-72.285003662109375,anonymous,EN,6,9,"$150,000+",0
2019-10-23 17:30:24,2019-10-23 17:30:56,IP Address,129.170.194.147,100,32,True,2019-10-23 17:30:57,R_7NVQzw2P827yUAF,,,,,43.704498291015625,-72.285003662109375,anonymous,EN,5,6,"$150,000+",0
2019-10-23 17:33:03,2019-10-23 17:33:43,IP Address,129.170.194.163,100,40,True,2019-10-23 17:33:43,R_3iyTF4MberJreSW,,,,,43.704498291015625,-72.285003662109375,anonymous,EN,7,9,"$100,000 to $149,999",0
2019-10-23 17:36:39,2019-10-23 17:37:54,IP Address,129.170.194.182,100,75,True,2019-10-23 17:37:54,R_3O6YKtmurtsf0xz,,,,,43.704498291015625,-72.285003662109375,anonymous,EN,6,9,"$100,000 to $149,999",0
2019-10-23 17:36:53,2019-10-23 17:38:04,IP Address,129.170.194.145,100,70,True,2019-10-23 17:38:04,R_3RvERmc14adMlCm,,,,,43.704498291015625,-72.285003662109375,anonymous,EN,6,7,"$50,000 to $74,999",0
2019-10-23 17:40:47,2019-10-23 17:41:25,IP Address,129.170.194.171,100,37,True,2019-10-23 17:41:26,R_2zOShfNWfs6KAyX,,,,,43.704498291015625,-72.285003662109375,anonymous,EN,5,7,"$150,000+",0
2019-10-23 17:41:34,2019-10-23 17:42:56,IP Address,129.170.131.247,100,82,True,2019-10-23 17:42:57,R_3qVxdHWJyoaKDQ4,,,,,43.704498291015625,-72.285003662109375,anonymous,EN,5,5,"$75,000 to $99,999",0
2019-10-23 17:43:30,2019-10-23 17:44:59,IP Address,129.170.194.165,100,89,True,2019-10-23 17:44:59,R_3D856DdhZ5UtOns,,,,,43.704498291015625,-72.285003662109375,anonymous,EN,3,7,"$75,000 to $99,999",0
2019-10-23 17:45:07,2019-10-23 17:46:14,IP Address,129.170.194.145,100,67,True,2019-10-23 17:46:15,R_3ffwz3Fo6mI1A5y,,,,,43.704498291015625,-72.285003662109375,anonymous,EN,6,8,"$50,000 to $74,999",0
2019-10-23 17:47:32,2019-10-23 17:48:23,IP Address,129.170.194.189,100,50,True,2019-10-23 17:48:23,R_3ee1vRGMXFIMx84,,,,,43.704498291015625,-72.285003662109375,anonymous,EN,5,8,"$150,000+",0
2019-10-23 16:29:04,2019-10-23 17:49:13,IP Address,129.170.194.144,100,4808,True,2019-10-23 17:49:13,R_2rvBnjPKaKJd9ab,,,,,43.704498291015625,-72.285003662109375,anonymous,EN,6,2,"$1 to $9,999",0
2019-10-23 17:49:19,2019-10-23 17:50:14,IP Address,129.170.194.163,100,55,True,2019-10-23 17:50:14,R_1EfWBspufFMgF1b,,,,,43.704498291015625,-72.285003662109375,anonymous,EN,5,8,"$75,000 to $99,999",0
2019-10-23 17:50:14,2019-10-23 17:51:02,IP Address,129.170.194.145,100,47,True,2019-10-23 17:51:02,R_2w03P3MX06dyVnn,,,,,43.704498291015625,-72.285003662109375,anonymous,EN,6,9,"$75,000 to $99,999",0
2019-10-23 17:59:08,2019-10-23 17:59:50,IP Address,73.238.98.149,100,42,True,2019-10-23 17:59:50,R_1hRbdg7LXshYvLu,,,,,43.701904296875,-72.2826995849609375,anonymous,EN,1,1,"$150,000+",1
2019-10-23 18:10:50,2019-10-23 18:11:31,IP Address,129.170.194.172,100,40,True,2019-10-23 18:11:31,R_307yFagYbhZ3CUi,,,,,43.701904296875,-72.2826995849609375,anonymous,EN,4,8,"$100,000 to $149,999",0
2019-10-23 18:15:53,2019-10-23 18:16:34,IP Address,129.170.194.168,100,40,True,2019-10-23 18:16:34,R_3GeJGxxChLlSaZM,,,,,43.704498291015625,-72.285003662109375,anonymous,EN,6,9,"$75,000 to $99,999",0
2019-10-23 18:17:04,2019-10-23 18:17:36,IP Address,129.170.194.179,100,31,True,2019-10-23 18:17:36,R_3n9tkHVjtZdukza,,,,,43.704498291015625,-72.285003662109375,anonymous,EN,3,5,"$75,000 to $99,999",0
2019-10-23 18:18:23,2019-10-23 18:19:26,IP Address,129.170.194.161,100,62,True,2019-10-23 18:19:26,R_2VjYWwnHEQYZjey,,,,,43.704498291015625,-72.285003662109375,anonymous,EN,7,9,"$75,000 to $99,999",0
2019-10-23 18:25:13,2019-10-23 18:26:22,IP Address,129.170.194.164,100,68,True,2019-10-23 18:26:22,R_ywGajTlax7XzLrz,,,,,43.704498291015625,-72.285003662109375,anonymous,EN,6,9,"$75,000 to $99,999",0
2019-10-23 16:44:54,2019-10-23 18:27:46,IP Address,129.170.194.146,100,6172,True,2019-10-23 18:27:47,R_2PujIj10NpayleO,,,,,43.704498291015625,-72.285003662109375,anonymous,EN,7,9,"$100,000 to $149,999",0
2019-10-23 18:29:29,2019-10-23 18:30:25,IP Address,129.170.194.165,100,55,True,2019-10-23 18:30:25,R_2PcYrQebge3MAYP,,,,,43.704498291015625,-72.285003662109375,anonymous,EN,6,6,"$75,000 to $99,999",0
2019-10-23 18:31:49,2019-10-23 18:32:28,IP Address,129.170.194.75,100,38,True,2019-10-23 18:32:28,R_2pYRaDvpZRwRdtp,,,,,43.704498291015625,-72.285003662109375,anonymous,EN,1,1,"$1 to $9,999",1
2019-10-23 18:31:56,2019-10-23 18:32:47,IP Address,129.170.194.146,100,51,True,2019-10-23 18:32:48,R_3NDSVfp2y2nolVB,,,,,43.704498291015625,-72.285003662109375,anonymous,EN,7,7,"$75,000 to $99,999",0
2019-10-23 16:14:11,2019-10-23 18:35:40,IP Address,129.170.194.165,100,8489,True,2019-10-23 18:35:41,R_1dK9EQp8JsybDLk,,,,,43.704498291015625,-72.285003662109375,anonymous,EN,4,7,"$75,000 to $99,999",0
2019-10-23 18:37:46,2019-10-23 18:39:07,IP Address,129.170.194.168,100,80,True,2019-10-23 18:39:07,R_7R1VsMMRY4PcHRf,,,,,43.704498291015625,-72.285003662109375,anonymous,EN,1,8,"$50,000 to $74,999",1
2019-10-23 18:54:27,2019-10-23 18:55:19,IP Address,129.170.194.184,100,52,True,2019-10-23 18:55:19,R_yD6phO27e9LkGeB,,,,,43.704498291015625,-72.285003662109375,anonymous,EN,4,7,"$100,000 to $149,999",0
2019-10-23 18:56:11,2019-10-23 18:57:33,IP Address,129.170.194.183,100,82,True,2019-10-23 18:57:34,R_1FPUvDA1g6aTBui,,,,,43.704498291015625,-72.285003662109375,anonymous,EN,7,10,"$75,000 to $99,999",0
2019-10-23 19:06:44,2019-10-23 19:07:23,IP Address,129.170.194.147,100,39,True,2019-10-23 19:07:23,R_10ph5rJ4TmozLmy,,,,,43.701904296875,-72.2826995849609375,anonymous,EN,5,7,"$100,000 to $149,999",0
2019-10-23 19:07:32,2019-10-23 19:08:50,IP Address,129.170.194.181,100,78,True,2019-10-23 19:08:51,R_2Tw7u0TjTKz4AoS,,,,,43.701904296875,-72.2826995849609375,anonymous,EN,7,7,"$100,000 to $149,999",0
2019-10-23 19:06:46,2019-10-23 19:11:42,IP Address,129.170.194.188,100,296,True,2019-10-23 19:11:42,R_23ZB2w7HVzVABzD,,,,,43.704498291015625,-72.285003662109375,anonymous,EN,6,8,"$100,000 to $149,999",0
2019-10-23 19:11:51,2019-10-23 19:13:11,IP Address,129.170.194.171,100,80,True,2019-10-23 19:13:11,R_2zi5e4W8uiz7Uj1,,,,,43.704498291015625,-72.285003662109375,anonymous,EN,6,10,"$75,000 to $99,999",0
2019-10-23 19:16:24,2019-10-23 19:16:58,IP Address,129.170.194.183,100,34,True,2019-10-23 19:16:58,R_6RpB0PjMshgnRqp,,,,,43.704498291015625,-72.285003662109375,anonymous,EN,5,9,"$150,000+",0
2019-10-23 19:17:40,2019-10-23 19:18:46,IP Address,129.170.194.173,100,66,True,2019-10-23 19:18:47,R_9uxSEge4o8qm85r,,,,,43.704498291015625,-72.285003662109375,anonymous,EN,7,9,"$100,000 to $149,999",0
2019-10-23 19:37:03,2019-10-23 19:37:57,IP Address,129.170.194.180,100,53,True,2019-10-23 19:37:57,R_12tYSDGC6mKZ8ek,,,,,43.704498291015625,-72.285003662109375,anonymous,EN,6,10,"$75,000 to $99,999",0
2019-10-23 19:37:28,2019-10-23 19:38:04,IP Address,96.236.44.106,100,35,True,2019-10-23 19:38:04,R_p5wznybrpRsUvbr,,,,,42.6199951171875,-73.83429718017578125,anonymous,EN,7,10,"$50,000 to $74,999",0
2019-10-23 19:40:42,2019-10-23 19:41:55,IP Address,129.170.194.165,100,72,True,2019-10-23 19:41:55,R_10McZCshcLz6IBy,,,,,43.701904296875,-72.2826995849609375,anonymous,EN,5,8,"$100,000 to $149,999",0
2019-10-23 19:42:44,2019-10-23 19:43:27,IP Address,129.170.194.144,100,43,True,2019-10-23 19:43:28,R_bQ70QzCg2QZvNfz,,,,,43.704498291015625,-72.285003662109375,anonymous,EN,5,8,"$100,000 to $149,999",0
2019-10-23 19:48:03,2019-10-23 19:48:51,IP Address,129.170.194.176,100,47,True,2019-10-23 19:48:51,R_1MXoi4SYiRFgTfj,,,,,43.704498291015625,-72.285003662109375,anonymous,EN,4,8,"$150,000+",0
2019-10-23 19:50:29,2019-10-23 19:51:34,IP Address,73.47.190.145,100,65,True,2019-10-23 19:51:34,R_12rHeDh9RpoOGf2,,,,,43.704498291015625,-72.285003662109375,anonymous,EN,6,8,"$100,000 to $149,999",0
2019-10-23 19:58:21,2019-10-23 19:59:18,IP Address,129.170.194.146,100,56,True,2019-10-23 19:59:18,R_qEhZ0XJMzcmCyXv,,,,,43.704498291015625,-72.285003662109375,anonymous,EN,6,7,"$100,000 to $149,999",0
2019-10-23 18:56:30,2019-10-23 20:01:09,IP Address,129.170.194.175,100,3879,True,2019-10-23 20:01:10,R_tRtmK2wWg91j6kp,,,,,43.704498291015625,-72.285003662109375,anonymous,EN,5,8,"$75,000 to $99,999",0
2019-10-23 20:05:40,2019-10-23 20:06:48,IP Address,107.77.224.204,100,68,True,2019-10-23 20:06:49,R_3rOGuYJ5sVwx4Ev,,,,,40.75469970703125,-73.96140289306640625,anonymous,EN,5,9,"$50,000 to $74,999",0
2019-10-23 20:14:33,2019-10-23 20:16:13,IP Address,111.239.189.29,100,100,True,2019-10-23 20:16:14,R_2zdwJAVCZ0g8SuY,,,,,35.74090576171875,139.6494140625,anonymous,EN,7,8,"$100,000 to $149,999",0
2019-10-23 20:20:49,2019-10-23 20:21:22,IP Address,129.170.194.171,100,32,True,2019-10-23 20:21:22,R_AoYtbh3GNZYo9aN,,,,,43.704498291015625,-72.285003662109375,anonymous,EN,6,7,"$75,000 to $99,999",0
2019-10-23 20:21:44,2019-10-23 20:22:25,IP Address,129.170.194.167,100,41,True,2019-10-23 20:22:26,R_vCtlHyhBxFHQFJD,,,,,43.704498291015625,-72.285003662109375,anonymous,EN,7,10,"$75,000 to $99,999",0
2019-10-23 20:20:46,2019-10-23 20:22:28,IP Address,129.170.194.190,100,102,True,2019-10-23 20:22:28,R_3Eb3rAIXgN8J3ro,,,,,43.704498291015625,-72.285003662109375,anonymous,EN,5,8,"$75,000 to $99,999",0
2019-10-23 20:23:05,2019-10-23 20:24:11,IP Address,129.170.194.189,100,65,True,2019-10-23 20:24:11,R_32VXcFJtfz75k8W,,,,,43.704498291015625,-72.285003662109375,anonymous,EN,6,7,"$75,000 to $99,999",0
2019-10-23 20:36:53,2019-10-23 20:37:31,IP Address,129.170.194.177,100,38,True,2019-10-23 20:37:32,R_2155dHXkTicYDfJ,,,,,43.701904296875,-72.2826995849609375,anonymous,EN,7,8,"$100,000 to $149,999",0
2019-10-23 21:17:49,2019-10-23 21:19:13,IP Address,129.170.194.186,100,84,True,2019-10-23 21:19:13,R_3g6OCzDWRYJI3RJ,,,,,43.704498291015625,-72.285003662109375,anonymous,EN,7,7,"$150,000+",0
2019-10-23 21:21:04,2019-10-23 21:23:01,IP Address,129.170.194.162,100,117,True,2019-10-23 21:23:01,R_3kuJfnBHPEZ4ynR,,,,,43.704498291015625,-72.285003662109375,anonymous,EN,5,8,"$25,000 to $49,999",0
2019-10-23 21:37:10,2019-10-23 21:37:47,IP Address,129.170.194.160,100,36,True,2019-10-23 21:37:47,R_sd2xZCkRwdODf5D,,,,,43.704498291015625,-72.285003662109375,anonymous,EN,5,9,"$100,000 to $149,999",0
2019-10-23 21:56:49,2019-10-23 21:57:34,IP Address,129.170.194.161,100,44,True,2019-10-23 21:57:34,R_pc6v534FeCZRG5r,,,,,43.704498291015625,-72.285003662109375,anonymous,EN,6,8,"$100,000 to $149,999",0
2019-10-23 22:05:59,2019-10-23 22:07:24,IP Address,129.170.194.178,100,84,True,2019-10-23 22:07:24,R_w6IGtR3InY5fYXf,,,,,43.704498291015625,-72.285003662109375,anonymous,EN,4,8,"$100,000 to $149,999",0
2019-10-23 22:28:09,2019-10-23 22:31:14,IP Address,129.170.194.174,100,184,True,2019-10-23 22:31:14,R_3fZhOVJYhTLH8Lw,,,,,43.704498291015625,-72.285003662109375,anonymous,EN,3,9,"$75,000 to $99,999",0
2019-10-23 22:35:15,2019-10-23 22:36:03,IP Address,129.170.194.144,100,48,True,2019-10-23 22:36:03,R_W3CrTRrqH9Krd6h,,,,,43.704498291015625,-72.285003662109375,anonymous,EN,4,4,"$75,000 to $99,999",0
2019-10-23 22:40:24,2019-10-23 22:41:05,IP Address,174.192.17.24,100,41,True,2019-10-23 22:41:05,R_27pVu0yXPJQFO68,,,,,42.356201171875,-71.06310272216796875,anonymous,EN,5,8,"$75,000 to $99,999",0
2019-10-23 19:32:52,2019-10-24 00:03:36,IP Address,129.170.194.144,100,16243,True,2019-10-24 00:03:36,R_b93wrAdBIcU4DPb,,,,,43.704498291015625,-72.285003662109375,anonymous,EN,7,10,"$100,000 to $149,999",0
2019-10-24 02:12:22,2019-10-24 02:13:29,IP Address,129.170.194.147,100,66,True,2019-10-24 02:13:30,R_325PncaObztgJbw,,,,,43.704498291015625,-72.285003662109375,anonymous,EN,6,9,"$75,000 to $99,999",0
2019-10-24 05:26:42,2019-10-24 05:27:49,IP Address,129.170.194.164,100,67,True,2019-10-24 05:27:49,R_1KcEZjdGDNprVYw,,,,,43.704498291015625,-72.285003662109375,anonymous,EN,6,9,"$100,000 to $149,999",0
2019-10-24 05:35:38,2019-10-24 05:37:33,IP Address,129.170.194.170,100,114,True,2019-10-24 05:37:33,R_2OP7wmQJYvcN4GH,,,,,43.704498291015625,-72.285003662109375,anonymous,EN,5,7,"$50,000 to $74,999",0
2019-10-24 05:55:15,2019-10-24 05:58:06,IP Address,71.192.208.21,100,171,True,2019-10-24 05:58:06,R_1PRB49LQcXMLWHf,,,,,42.365997314453125,-71.2270965576171875,anonymous,EN,6,7,"$100,000 to $149,999",0
2019-10-24 06:26:28,2019-10-24 06:27:37,IP Address,107.77.224.86,100,68,True,2019-10-24 06:27:37,R_2V7VdkBuDt5dX7B,,,,,40.76519775390625,-73.95880126953125,anonymous,EN,4,10,"$150,000+",0
2019-10-24 06:42:00,2019-10-24 06:42:52,IP Address,129.170.194.188,100,51,True,2019-10-24 06:42:52,R_3F59cvDS9r44vtw,,,,,43.704498291015625,-72.285003662109375,anonymous,EN,7,9,"$75,000 to $99,999",0
2019-10-24 06:53:56,2019-10-24 06:54:29,IP Address,129.170.194.186,100,33,True,2019-10-24 06:54:30,R_1giJgZR6TJ8TRNp,,,,,43.704498291015625,-72.285003662109375,anonymous,EN,6,7,"$50,000 to $74,999",0
2019-10-24 06:55:39,2019-10-24 06:56:27,IP Address,129.170.194.173,100,48,True,2019-10-24 06:56:27,R_2ONroCHmDw3c42H,,,,,43.701904296875,-72.2826995849609375,anonymous,EN,6,7,"$100,000 to $149,999",0
2019-10-24 07:16:25,2019-10-24 07:17:06,IP Address,129.170.194.176,100,40,True,2019-10-24 07:17:07,R_10CXQRHGrkTES5I,,,,,43.701904296875,-72.2826995849609375,anonymous,EN,7,10,"$50,000 to $74,999",0
2019-10-24 07:23:03,2019-10-24 07:23:56,IP Address,174.255.196.8,100,52,True,2019-10-24 07:23:57,R_27qfQ79K3HjV7tY,,,,,33.748504638671875,-84.3871002197265625,anonymous,EN,4,6,"$100,000 to $149,999",0
2019-10-24 07:37:27,2019-10-24 07:38:23,IP Address,129.170.194.187,100,55,True,2019-10-24 07:38:23,R_2bWz5UPNIHz0n9a,,,,,43.704498291015625,-72.285003662109375,anonymous,EN,5,9,"$75,000 to $99,999",0
2019-10-24 07:39:13,2019-10-24 07:40:30,IP Address,129.170.194.147,100,77,True,2019-10-24 07:40:30,R_25KgsP4PJQQgJ5j,,,,,43.704498291015625,-72.285003662109375,anonymous,EN,7,7,"$150,000+",0
2019-10-24 07:43:31,2019-10-24 07:44:35,IP Address,129.170.194.186,100,63,True,2019-10-24 07:44:35,R_1LNgRcxB4lGLM8I,,,,,43.701904296875,-72.2826995849609375,anonymous,EN,6,8,"$75,000 to $99,999",0
2019-10-24 09:07:33,2019-10-24 09:08:31,IP Address,129.170.194.191,100,58,True,2019-10-24 09:08:31,R_10ZRFlwJ1n3RfPV,,,,,43.704498291015625,-72.285003662109375,anonymous,EN,4,8,"$150,000+",0
2019-10-24 09:50:19,2019-10-24 09:52:50,IP Address,129.170.194.164,100,150,True,2019-10-24 09:52:50,R_1HiASz08gudDs5Z,,,,,43.704498291015625,-72.285003662109375,anonymous,EN,6,7,"$150,000+",0
2019-10-24 10:03:26,2019-10-24 10:04:11,IP Address,5.181.233.38,100,45,True,2019-10-24 10:04:11,R_RFCzBe4dOG0J63T,,,,,45.4994049072265625,-73.5702972412109375,anonymous,EN,5,8,"$100,000 to $149,999",0
2019-10-24 10:22:53,2019-10-24 10:26:15,IP Address,129.170.194.147,100,202,True,2019-10-24 10:26:15,R_11aRqewzXw5y9iC,,,,,43.704498291015625,-72.285003662109375,anonymous,EN,6,6,"$100,000 to $149,999",0
2019-10-24 11:23:29,2019-10-24 11:24:27,IP Address,129.170.194.183,100,58,True,2019-10-24 11:24:27,R_3GrmuRtPabBLkwP,,,,,43.704498291015625,-72.285003662109375,anonymous,EN,5,7,"$100,000 to $149,999",0
2019-10-24 10:16:53,2019-10-24 12:29:47,IP Address,129.170.194.173,100,7973,True,2019-10-24 12:29:47,R_1erXTgshMD924Gl,,,,,43.704498291015625,-72.285003662109375,anonymous,EN,7,8,"$100,000 to $149,999",0
2019-10-24 15:22:25,2019-10-24 15:23:38,IP Address,129.170.194.166,100,72,True,2019-10-24 15:23:38,R_2P86lso17tZsQbc,,,,,43.704498291015625,-72.285003662109375,anonymous,EN,4,5,"$75,000 to $99,999",0
2019-10-24 15:24:46,2019-10-24 15:25:50,IP Address,129.170.194.145,100,64,True,2019-10-24 15:25:51,R_3QMnMJ2Fii87Fce,,,,,43.701904296875,-72.2826995849609375,anonymous,EN,7,10,"$150,000+",0
2019-10-24 15:37:07,2019-10-24 15:38:23,IP Address,129.170.194.146,100,75,True,2019-10-24 15:38:23,R_3D7MirMcGAvjNy0,,,,,43.701904296875,-72.2826995849609375,anonymous,EN,4,4,"$10,000 to $24,999",0
2019-10-24 17:25:20,2019-10-24 17:26:23,IP Address,107.242.117.64,100,63,True,2019-10-24 17:26:23,R_Z8IW2FVczglaq53,,,,,39.9586944580078125,-82.9987030029296875,anonymous,EN,5,8,"$75,000 to $99,999",0
2019-10-23 17:58:23,2019-10-24 17:42:08,IP Address,129.170.194.175,100,85424,True,2019-10-24 17:42:08,R_2TNPJyeTuAyPDt9,,,,,43.701904296875,-72.2826995849609375,anonymous,EN,6,7,"$100,000 to $149,999",0
2019-10-24 18:15:02,2019-10-24 18:15:42,IP Address,129.170.194.144,100,40,True,2019-10-24 18:15:43,R_xgh8ZNRLZO5baYV,,,,,43.704498291015625,-72.285003662109375,anonymous,EN,5,7,"$100,000 to $149,999",0
2019-10-24 18:26:33,2019-10-24 18:27:29,IP Address,129.170.194.147,100,56,True,2019-10-24 18:27:29,R_2BnVV6x5RQttSSe,,,,,43.704498291015625,-72.285003662109375,anonymous,EN,7,8,"$150,000+",0
2019-10-24 18:38:32,2019-10-24 18:39:20,IP Address,129.170.194.176,100,47,True,2019-10-24 18:39:20,R_1MQhWW3thO9S2bF,,,,,43.704498291015625,-72.285003662109375,anonymous,EN,5,7,"$100,000 to $149,999",0
2019-10-24 19:00:50,2019-10-24 19:01:31,IP Address,129.170.194.207,100,40,True,2019-10-24 19:01:32,R_2ElW0at2pZP2ndX,,,,,43.704498291015625,-72.285003662109375,anonymous,EN,3,6,"$100,000 to $149,999",0
2019-10-24 19:41:50,2019-10-24 19:42:42,IP Address,174.196.205.55,100,51,True,2019-10-24 19:42:42,R_1n3GZ41q5vdzya6,,,,,37.751007080078125,-97.82199859619140625,anonymous,EN,5,8,"$75,000 to $99,999",0
2019-10-24 19:46:30,2019-10-24 19:47:08,IP Address,129.170.194.146,100,38,True,2019-10-24 19:47:09,R_1mQRIYfrox0FFUw,,,,,43.701904296875,-72.2826995849609375,anonymous,EN,4,4,"$150,000+",0
2019-10-24 18:43:15,2019-10-24 20:06:49,IP Address,129.170.194.182,100,5014,True,2019-10-24 20:06:50,R_3IVMOrVr1ZY3bdp,,,,,43.704498291015625,-72.285003662109375,anonymous,EN,4,7,"$100,000 to $149,999",0
2019-10-24 20:58:54,2019-10-24 20:59:30,IP Address,129.170.194.145,100,36,True,2019-10-24 20:59:30,R_1CIP6eIA1nUQ587,,,,,43.704498291015625,-72.285003662109375,anonymous,EN,5,9,"$100,000 to $149,999",0
2019-10-24 21:02:59,2019-10-24 21:03:32,IP Address,129.170.194.146,100,32,True,2019-10-24 21:03:32,R_UuoOu0i6aNnruJb,,,,,43.704498291015625,-72.285003662109375,anonymous,EN,6,8,"$150,000+",0
2019-10-24 21:44:21,2019-10-24 21:45:20,IP Address,129.170.194.147,100,58,True,2019-10-24 21:45:20,R_1I5gNdV0z2xRz2h,,,,,43.704498291015625,-72.285003662109375,anonymous,EN,1,1,"$150,000+",1
2019-10-25 06:58:47,2019-10-25 06:59:41,IP Address,129.170.194.174,100,53,True,2019-10-25 06:59:41,R_1FA4ilxejkmkVe3,,,,,43.704498291015625,-72.285003662109375,anonymous,EN,4,7,"$75,000 to $99,999",0
2019-10-25 07:54:33,2019-10-25 07:55:10,IP Address,129.170.194.145,100,37,True,2019-10-25 07:55:10,R_22nUz62c430PgiY,,,,,43.704498291015625,-72.285003662109375,anonymous,EN,2,4,"$150,000+",0
2019-10-25 08:28:15,2019-10-25 08:29:26,IP Address,129.170.194.164,100,71,True,2019-10-25 08:29:27,R_1fmcPruUwLUnIk5,,,,,43.704498291015625,-72.285003662109375,anonymous,EN,3,8,"$75,000 to $99,999",0
2019-10-25 09:05:28,2019-10-25 09:06:27,IP Address,129.170.194.190,100,58,True,2019-10-25 09:06:28,R_24oWHJKgUXmjzI2,,,,,43.704498291015625,-72.285003662109375,anonymous,EN,6,8,"$50,000 to $74,999",0
2019-10-25 09:24:39,2019-10-25 09:25:43,IP Address,129.170.194.177,100,63,True,2019-10-25 09:25:43,R_1fZvMG6fHrJXuMW,,,,,43.704498291015625,-72.285003662109375,anonymous,EN,7,9,"$100,000 to $149,999",0
2019-10-25 15:41:24,2019-10-25 15:42:26,IP Address,129.170.194.160,100,61,True,2019-10-25 15:42:26,R_3r2LRQ3BOdtf3Yo,,,,,43.704498291015625,-72.285003662109375,anonymous,EN,5,8,"$75,000 to $99,999",0
2019-10-25 21:40:01,2019-10-25 21:41:37,IP Address,137.189.241.17,100,95,True,2019-10-25 21:41:37,R_1lmHBZVjxWQfThX,,,,,22.2908935546875,114.149993896484375,anonymous,EN,6,10,"$100,000 to $149,999",0
2019-10-25 21:45:30,2019-10-25 21:46:08,IP Address,129.170.194.181,100,37,True,2019-10-25 21:46:08,R_1kTiUCLBSgCwzAQ,,,,,43.704498291015625,-72.285003662109375,anonymous,EN,7,10,"$50,000 to $74,999",0
2019-10-26 09:46:24,2019-10-26 09:47:04,IP Address,129.170.194.183,100,40,True,2019-10-26 09:47:04,R_2Cj165YGTxC73UW,,,,,43.704498291015625,-72.285003662109375,anonymous,EN,6,7,"$75,000 to $99,999",0
2019-10-26 10:52:49,2019-10-26 10:53:50,IP Address,172.58.221.195,100,60,True,2019-10-26 10:53:50,R_ALm5Mdhmvk5O3KN,,,,,41.873992919921875,-71.3843994140625,anonymous,EN,2,4,"$100,000 to $149,999",0
2019-10-26 13:13:21,2019-10-26 13:14:02,IP Address,129.170.194.175,100,41,True,2019-10-26 13:14:03,R_2fj3WjtF1OGUI36,,,,,43.704498291015625,-72.285003662109375,anonymous,EN,6,9,"$100,000 to $149,999",0
2019-10-26 14:14:01,2019-10-26 14:15:10,IP Address,76.24.253.59,100,68,True,2019-10-26 14:15:10,R_334okukExVQJbQs,,,,,43.704498291015625,-72.285003662109375,anonymous,EN,5,8,"$50,000 to $74,999",0
2019-10-26 18:12:55,2019-10-26 18:13:59,IP Address,129.170.194.177,100,64,True,2019-10-26 18:14:00,R_0fxw0HdIazwhYEF,,,,,43.704498291015625,-72.285003662109375,anonymous,EN,6,7,"$100,000 to $149,999",0
2019-10-27 13:53:35,2019-10-27 13:54:38,IP Address,129.170.194.179,100,63,True,2019-10-27 13:54:38,R_12RzstDsCW7T7ed,,,,,43.704498291015625,-72.285003662109375,anonymous,EN,7,9,"$100,000 to $149,999",0
2019-10-27 15:17:31,2019-10-27 15:18:26,IP Address,31.205.216.250,100,54,True,2019-10-27 15:18:26,R_RLlHqmP6i4BfUrv,,,,,51.45660400390625,-0.9680023193359375,anonymous,EN,6,8,"$75,000 to $99,999",0
2019-10-29 18:28:36,2019-10-29 18:29:55,IP Address,129.170.194.147,100,79,True,2019-10-29 18:29:55,R_1FaDei0rAYkcC6l,,,,,43.704498291015625,-72.285003662109375,anonymous,EN,7,9,"$75,000 to $99,999",0
2019-10-29 20:02:05,2019-10-29 20:03:20,IP Address,129.170.194.165,100,74,True,2019-10-29 20:03:20,R_10ZaNHKdjCxp4CD,,,,,43.701904296875,-72.2826995849609375,anonymous,EN,7,10,"$150,000+",0
2019-10-29 22:06:31,2019-10-29 22:07:49,IP Address,129.170.194.160,100,78,True,2019-10-29 22:07:49,R_22S9qAtSIRoRK9c,,,,,43.704498291015625,-72.285003662109375,anonymous,EN,6,8,"$100,000 to $149,999",0
2019-11-04 08:26:52,2019-11-04 08:27:46,IP Address,129.170.194.179,100,53,True,2019-11-04 08:27:46,R_ZfKE81Cmjvo3R9n,,,,,43.701904296875,-72.2826995849609375,anonymous,EN,6,9,"$75,000 to $99,999",0
